CUST101;Abdullah;Abdullah@gmail.com;971528796288;
CUST102;Safee;Safee@gmail.com;971526093919;
CUST103;Bob;Bob@gmail.com;971501222347;
CUST104;John;John@gmail.com;971527865324;
CUST105;Jasmine;Jasmine@gmail.com;971559980789;
CUST106;Barbara;Barbara@gmail.com;971526093923;
CUST107;Shruti;Shruti@gmail.com;971504561237;
CUST108;Kazi;Kazi@gmail.com;971505647382;
CUST109;Jason;Jason@gmail.com;971552322334;
CUST110;Kevin;Kevin@gmail.com;971569686766;